{"velocity mean": 0.06319496406978398, "velocity variance": 0.03891836003102462, "avg episode length": 17999.0, "avg episode completeness": 0.0857142857142857, "number of completes, crashes, timemouts": [0, 0, 10]}