{"velocity mean": 0.22601101796729045, "velocity variance": 0.08318463895186848, "avg episode length": 16116.7, "avg episode completeness": 0.33571428571428574, "number of completes, crashes, timemouts": [1, 1, 8]}