{"velocity mean": 0.26712687067268664, "velocity variance": 0.09167700190097272, "avg episode length": 4065.5, "avg episode completeness": 0.05, "number of completes, crashes, timemouts": [0, 8, 2]}