{"velocity mean": 0.5247159547034583, "velocity variance": 0.01924838809526701, "avg episode length": 10787.2, "avg episode completeness": 0.775, "number of completes, crashes, timemouts": [6, 1, 3]}