{"velocity mean": 0.2271843149215661, "velocity variance": 0.08935641112846476, "avg episode length": 17999.0, "avg episode completeness": 0.3214285714285715, "number of completes, crashes, timemouts": [0, 0, 10]}