{"velocity mean": 0.4850673343422547, "velocity variance": 0.04605898074310396, "avg episode length": 1920.5, "avg episode completeness": 0.07142857142857142, "number of completes, crashes, timemouts": [0, 10, 0]}