{"velocity mean": 0.0947964990174332, "velocity variance": 0.04483395767344589, "avg episode length": 11975.9, "avg episode completeness": 0.0857142857142857, "number of completes, crashes, timemouts": [0, 4, 6]}