{"velocity mean": -0.003261446404600647, "velocity variance": 0.0021783573016840663, "avg episode length": 11740.0, "avg episode completeness": 0.0, "number of completes, crashes, timemouts": [0, 2, 8]}