{"velocity mean": 0.5506052778100977, "velocity variance": 0.013900820087914122, "avg episode length": 3677.7, "avg episode completeness": 0.42400000000000004, "number of completes, crashes, timemouts": [4, 1, 5]}