{"velocity mean": 0.5379640568087728, "velocity variance": 0.015372078404925443, "avg episode length": 6720.8, "avg episode completeness": 1.0, "number of completes, crashes, timemouts": [10, 0, 0]}