{"velocity mean": 0.25183298053907155, "velocity variance": 0.08614957253450885, "avg episode length": 11999.0, "avg episode completeness": 0.76, "number of completes, crashes, timemouts": [0, 0, 10]}