{"velocity mean": 0.34021789633674404, "velocity variance": 0.08465912072553937, "avg episode length": 2374.8, "avg episode completeness": 0.039999999999999994, "number of completes, crashes, timemouts": [0, 8, 2]}