{"velocity mean": 0.5289149971297082, "velocity variance": 0.05299501878912953, "avg episode length": 1538.0, "avg episode completeness": 0.039999999999999994, "number of completes, crashes, timemouts": [0, 10, 0]}