{"velocity mean": -0.46713438048232986, "velocity variance": 0.03387956643932393, "avg episode length": 30.2, "avg episode completeness": 0.0, "number of completes, crashes, timemouts": [0, 8, 2]}