{"velocity mean": 0.02800602880009908, "velocity variance": 0.030008318163168738, "avg episode length": 11999.0, "avg episode completeness": 0.0, "number of completes, crashes, timemouts": [0, 0, 10]}