{"velocity mean": 0.5625224784344374, "velocity variance": 0.038564461647876955, "avg episode length": 1442.6, "avg episode completeness": 0.039999999999999994, "number of completes, crashes, timemouts": [0, 10, 0]}