{"velocity mean": 0.5047202789130223, "velocity variance": 0.03705396283433905, "avg episode length": 1896.9, "avg episode completeness": 0.03214285714285714, "number of completes, crashes, timemouts": [0, 10, 0]}