{"velocity mean": 0.12659355425119886, "velocity variance": 0.06173164131929525, "avg episode length": 17999.0, "avg episode completeness": 0.10714285714285714, "number of completes, crashes, timemouts": [0, 0, 10]}