{"velocity mean": -0.003274809865637457, "velocity variance": 0.0021800937564072885, "avg episode length": 13821.7, "avg episode completeness": 0.0, "number of completes, crashes, timemouts": [0, 5, 5]}