{"velocity mean": 0.27356876695986826, "velocity variance": 0.0788402188123772, "avg episode length": 17901.7, "avg episode completeness": 0.5, "number of completes, crashes, timemouts": [0, 2, 8]}