{"velocity mean": 0.04984948076863481, "velocity variance": 0.02709921395901452, "avg episode length": 17999.0, "avg episode completeness": 0.03571428571428571, "number of completes, crashes, timemouts": [0, 0, 10]}