{"velocity mean": -0.4696301180332935, "velocity variance": 0.03274057154991258, "avg episode length": 30.0, "avg episode completeness": 0.0, "number of completes, crashes, timemouts": [0, 10, 0]}