{"velocity mean": 0.25525687453223284, "velocity variance": 0.0863196826199386, "avg episode length": 3439.3, "avg episode completeness": 0.03571428571428571, "number of completes, crashes, timemouts": [0, 9, 1]}