{"velocity mean": 0.049573991184558734, "velocity variance": 0.032666858051961296, "avg episode length": 17999.0, "avg episode completeness": 0.03571428571428571, "number of completes, crashes, timemouts": [0, 0, 10]}