{"velocity mean": 0.22893384702148525, "velocity variance": 0.07854975014213648, "avg episode length": 17999.0, "avg episode completeness": 0.21428571428571427, "number of completes, crashes, timemouts": [0, 0, 10]}