{"velocity mean": 0.028460222637666902, "velocity variance": 0.06968462764229005, "avg episode length": 29999.0, "avg episode completeness": 0.012, "number of completes, crashes, timemouts": [0, 0, 10]}