{"velocity mean": 0.5501072057864859, "velocity variance": 0.015029260665477943, "avg episode length": 6581.9, "avg episode completeness": 1.0, "number of completes, crashes, timemouts": [10, 0, 0]}