{"velocity mean": 0.5271343941761967, "velocity variance": 0.018530597206509822, "avg episode length": 5424.8, "avg episode completeness": 0.6599999999999999, "number of completes, crashes, timemouts": [5, 5, 0]}