{"velocity mean": 0.18787558362323153, "velocity variance": 0.09183978197075052, "avg episode length": 4293.6, "avg episode completeness": 0.039999999999999994, "number of completes, crashes, timemouts": [0, 9, 1]}