{"velocity mean": 0.07572560162160985, "velocity variance": 0.051304467785659426, "avg episode length": 27214.7, "avg episode completeness": 0.376, "number of completes, crashes, timemouts": [0, 2, 8]}