{"velocity mean": 0.06277451248683823, "velocity variance": 0.03450144986946256, "avg episode length": 29999.0, "avg episode completeness": 0.14285714285714285, "number of completes, crashes, timemouts": [0, 0, 10]}