{"velocity mean": 0.5308661297082455, "velocity variance": 0.01489998892897183, "avg episode length": 11316.7, "avg episode completeness": 1.0, "number of completes, crashes, timemouts": [10, 0, 0]}