{"velocity mean": 0.18894395364101524, "velocity variance": 0.05813567908494197, "avg episode length": 29999.0, "avg episode completeness": 0.4892857142857143, "number of completes, crashes, timemouts": [0, 0, 10]}