{"velocity mean": 0.5549186032455049, "velocity variance": 0.01208668028506686, "avg episode length": 10835.7, "avg episode completeness": 1.0, "number of completes, crashes, timemouts": [10, 0, 0]}