{"velocity mean": 0.49984505758316217, "velocity variance": 0.05777346313431779, "avg episode length": 3771.7, "avg episode completeness": 0.14285714285714285, "number of completes, crashes, timemouts": [0, 9, 1]}