{"velocity mean": 0.5388779488100808, "velocity variance": 0.015461797637701318, "avg episode length": 10249.1, "avg episode completeness": 1.0, "number of completes, crashes, timemouts": [10, 0, 0]}