{"velocity mean": 0.07899649986595973, "velocity variance": 0.04271574203838813, "avg episode length": 29999.0, "avg episode completeness": 0.10714285714285714, "number of completes, crashes, timemouts": [0, 0, 10]}