{"velocity mean": 0.5165810054915562, "velocity variance": 0.017508031674950304, "avg episode length": 10415.6, "avg episode completeness": 0.9142857142857143, "number of completes, crashes, timemouts": [8, 2, 0]}