{"velocity mean": 0.13093986638099528, "velocity variance": 0.037066967110707866, "avg episode length": 29999.0, "avg episode completeness": 0.1107142857142857, "number of completes, crashes, timemouts": [0, 0, 10]}