{"velocity mean": 0.2402038136592478, "velocity variance": 0.11742611906537453, "avg episode length": 10360.6, "avg episode completeness": 0.125, "number of completes, crashes, timemouts": [0, 9, 1]}