{"velocity mean": 0.19982224811541974, "velocity variance": 0.07218393678300347, "avg episode length": 6816.7, "avg episode completeness": 0.10171673819742491, "number of completes, crashes, timemouts": [0, 10, 0]}