{"velocity mean": 0.5008349315624318, "velocity variance": 0.017896966078373436, "avg episode length": 25159.2, "avg episode completeness": 1.0, "number of completes, crashes, timemouts": [10, 0, 0]}