{"velocity mean": 0.49864613241073946, "velocity variance": 0.018878492446650894, "avg episode length": 7408.1, "avg episode completeness": 0.3047210300429185, "number of completes, crashes, timemouts": [0, 10, 0]}