{"velocity mean": 0.40275702181387935, "velocity variance": 0.048363253508010885, "avg episode length": 7869.8, "avg episode completeness": 0.2626609442060086, "number of completes, crashes, timemouts": [0, 7, 3]}