{"velocity mean": 0.028604959149213356, "velocity variance": 0.09042476868846823, "avg episode length": 49999.0, "avg episode completeness": 0.1201716738197425, "number of completes, crashes, timemouts": [0, 0, 10]}