{"velocity mean": 0.341708755702733, "velocity variance": 0.0650356946973267, "avg episode length": 35610.1, "avg episode completeness": 0.9849785407725321, "number of completes, crashes, timemouts": [3, 0, 7]}