{"velocity mean": 0.4939291878625225, "velocity variance": 0.01822820752263001, "avg episode length": 26692.0, "avg episode completeness": 1.0, "number of completes, crashes, timemouts": [10, 0, 0]}