{"velocity mean": -0.0038110378072359757, "velocity variance": 0.002182222096286653, "avg episode length": 23833.8, "avg episode completeness": 0.0, "number of completes, crashes, timemouts": [0, 6, 4]}