{"velocity mean": 0.46152299334912844, "velocity variance": 0.024006194189682313, "avg episode length": 4240.9, "avg episode completeness": 0.1536480686695279, "number of completes, crashes, timemouts": [0, 10, 0]}