{"velocity mean": 0.21360977026586778, "velocity variance": 0.06617336739695295, "avg episode length": 38484.1, "avg episode completeness": 0.6304721030042918, "number of completes, crashes, timemouts": [1, 1, 8]}