{"velocity mean": 0.3324512127233677, "velocity variance": 0.06640725778357169, "avg episode length": 35993.1, "avg episode completeness": 0.9381974248927039, "number of completes, crashes, timemouts": [0, 2, 8]}