{"velocity mean": 0.30012006709986044, "velocity variance": 0.06304715094626609, "avg episode length": 39999.0, "avg episode completeness": 0.9785407725321887, "number of completes, crashes, timemouts": [0, 0, 10]}