{"velocity mean": 0.1165459480358929, "velocity variance": 0.17432013969628204, "avg episode length": 1088.7, "avg episode completeness": 0.007725321888412018, "number of completes, crashes, timemouts": [0, 10, 0]}