{"velocity mean": -0.47003679357056066, "velocity variance": 0.032642491673723864, "avg episode length": 30.0, "avg episode completeness": 0.0, "number of completes, crashes, timemouts": [0, 10, 0]}